TenureGroup,用户数,流失人数,流失率,平均订单数,平均返现,平均距上次下单天数
中期用户(13-24月),1467,95,0.06475800954328562,3.704839809134288,204.91599182004092,5.316973415132924
新用户(0-6月),2150,697,0.3241860465116279,2.496279069767442,159.57244186046512,3.772093023255814
短期用户(7-12月),1584,156,0.09848484848484848,2.7474747474747474,163.3139393939394,4.381944444444445
长期用户(25月+),429,0,0.0,3.5454545454545454,222.3400233100233,5.256410256410256
